{
    "sn": 1260000000,
    "time": 1682975226,
    "values": {
        "Msg": 0,
        "Soh": 100,
        "TotInvPwrAt": -0.19990234822034836,
        "TotInvCur": 3.6000977084040642,
        "TotInvPwrRt": -0.29990234971046448,
        "BatSoc": 97.0000991001725,
        "BatVtg": 55.000000819563866,
        "BatChrgVtg": 55.000000819563866,
        "AptTmRmg": 0,
        "TotBatCur": -4.099902406334877,
        "BatTmp": 25.000098027288914,
        "RmgTmFul": 13,
        "RmgTmEqu": 179,
        "BatSocErr": 0,
        "GnRmgTm": 0,
        "InvPwrAt": -0.099902346730232239,
        "InvPwrAtSlv1": -0.099902346730232239,
        "InvPwrAtSlv2": 9.76547598838806e-05,
        "InvPwrAtSlv3": 9.76547598838806e-05,
        "InvVtg": 119.99600569950417,
        "InvVtgSlv1": 119.90000178664923,
        "InvVtgSlv2": 0,
        "InvVtgSlv3": 0,
        "InvCur": 1.800097681581974,
        "InvCurSlv1": 1.800097681581974,
        "InvCurSlv2": 9.76547598838806e-05,
        "InvCurSlv3": 9.76547598838806e-05,
        "InvFrq": 61.9140029407572,
        "InvPwrRt": -0.099902346730232239,
        "InvPwrRtSlv1": -0.099902346730232239,
        "InvPwrRtSlv2": 9.76547598838806e-05,
        "InvPwrRtSlv3": 9.76547598838806e-05,
        "ExtPwrAt": 9.76547598838806e-05,
        "ExtPwrAtSlv1": 9.76547598838806e-05,
        "ExtPwrAtSlv2": 9.76547598838806e-05,
        "ExtPwrAtSlv3": 9.76547598838806e-05,
        "ExtVtg": 0.11000000522471964,
        "ExtVtgSlv1": 0.20000000298023224,
        "ExtVtgSlv2": 0,
        "ExtVtgSlv3": 0,
        "ExtCur": 0.40009766072034836,
        "ExtCurSlv1": 0.30009765923023224,
        "ExtCurSlv2": 9.76547598838806e-05,
        "ExtCurSlv3": 9.76547598838806e-05,
        "ExtFrq": 0,
        "ExtPwrRt": 9.76547598838806e-05,
        "ExtPwrRtSlv1": 9.76547598838806e-05,
        "ExtPwrRtSlv2": 9.76547598838806e-05,
        "ExtPwrRtSlv3": 9.76547598838806e-05,
        "TotExtPwrAt": 9.76547598838806e-05,
        "TotExtCur": 0.800097666680813,
        "TotExtPwrRt": 9.76547598838806e-05,
        "TotLodPwr": -0.19990234822034836,
        "GdRmgTm": 0,
        "Pac": -0.19990234822034836,
        "Firmware": 7.3040003469213843,
        "Iac": 1.800097681581974,
        "Vac": 119.90000178664923,
        "Fac": 61.900000922381878,
        "ChpPwrAt": 9.76547598838806e-05,
        "ChpRmgTm": 0,
        "ChpStrRmgTm": 0,
        "Sic1PvPwr": 0,
        "Sic2PvPwr": 0,
        "Sic3PvPwr": 0,
        "Sic4PvPwr": 0,
        "TotSicPvPwr": 0,
        "TotSicBatCur": 9.76547598838806e-05,
        "TotMccLodPwr": 9.76547598838806e-05,
        "TotPvPwrAt": 0,
        "TotLodPwrAt": 0,
        "SlfCsmpPwrAt": 0,
        "SlfCsmpIncPwr": 0,
        "BatCpyThrpCnt": 0,
        "GdCsmpPwrAt": 0,
        "GdFeedPwrAt": 0,
        "PacPV": 9.76547598838806e-05,
        "PacFeed-In": 9.76547598838806e-05,
        "PacConsumption": 9.76547598838806e-05,
        "kWhPV": 0,
        "FwVer": 7.3040003469213843,
        "OnTmh": 383.4000057131052,
        "FwVer2": 7.3000003467313945,
        "EgyCntIn": 174.00000259280205,
        "EgyCntOut": 2.6000000387430191,
        "EgyCntTm": 374.7000055834651,
        "GnEgyCnt": 0,
        "GnEgyTm": 0,
        "GnOpTmh": 0,
        "GnStrCnt": 0,
        "GdEgyCntIn": 0,
        "GdEgyCntOut": 0,
        "GdEgyTmh": 0,
        "GdOpTmh": 0,
        "GdCtcCnt": 0,
        "TotTmh": 0,
        "Sic1EgyCntIn": 0,
        "Sic2EgyCntIn": 0,
        "Sic3EgyCntIn": 0,
        "Sic4EgyCntIn": 0,
        "TotSicEgyCntIn": 0,
        "Sic1TdyEgyCntIn": 0,
        "Sic2TdyEgyCntIn": 0,
        "Sic3TdyEgyCntIn": 0,
        "Sic4TdyEgyCntIn": 0,
        "TotSicDyEgyCntI": 0,
        "Serial Number": 1260000000,
        "E-Total-In": 174.00000259280205,
        "E-Total": 2.6000000387430191,
        "h-On": 383.4000057131052,
        "TotLodEgyCnt": 0,
        "SlfCsmpIncEgy": 0,
        "SlfCsmpEgy": 0,
        "SlfCsmpIncTdy": 0,
        "GdCsmpEgyTdy": 0,
        "kWhFeed-In": 0,
        "kWhConsumption": 0,
        "GdFeedEgyTdy": 0,
        "Adr": "Master",
        "OpStt": "Operating",
        "OpSttSlv1": "Operating",
        "OpSttSlv2": "---",
        "OpSttSlv3": "---",
        "CardStt": 2,
        "Prio": "Ina",
        "BatChrgOp": 10,
        "AptPhs": "---",
        "GnDmdSrc": "None",
        "GnStt": "Off",
        "InvOpStt": "Run",
        "InvOpSttSlv1": "Run",
        "InvOpSttSlv2": "---",
        "InvOpSttSlv3": "---",
        "Rly1Stt": "Off",
        "Rly2Stt": "On",
        "GnRnStt": "Off",
        "Mode": "Operation",
        "Error": "-----",
        "ChpStt": "Idle",
        "PvGdConStt": "---",
        "LodGdConStt": "---",
        "BatMntStt": "Off"
    }
}